T-Series	음악	1.41억	/youtube/channel/UCq-Fj5jknLsUf-MWSy4_brA
PewDiePie	엔터테인먼트	1.05억	/youtube/channel/UC-lHJZR3Gqxm24_Vd_AJ5Yw
Cocomelon - Nursery Rhymes	교육	8420만	/youtube/channel/UCbCmjCuTUZos6Inko4u57UQ
SET India	엔터테인먼트	7360만	/youtube/channel/UCpEhnqL0y41EpW2TvWAHD7Q
5-Minute Crafts	노하우/스타일	6680만	/youtube/channel/UC295-Dw_tDNtZXFeAPAW6Aw
WWE	스포츠	6100만	/youtube/channel/UCJ5v_MCY6GNUBTO8-D3XoAg
Canal KondZilla	음악	5800만	/youtube/channel/UCffDXn7ycAzwL2LDlbyWOTw
Like Nastya	엔터테인먼트	5560만	/youtube/channel/UCJplp5SjeGSdVdwsfb9Q7lQ
Zee Music Company	음악	5550만	/youtube/channel/UCFFbwnve3yF62-tVXkTyHqg
✿ Kids Diana Show	엔터테인먼트동물	5490만	/youtube/channel/UCk8GzjMOrta8yxDcKfylJYw
Justin Bieber	음악	5450만	/youtube/channel/UCIwFjwMjI0y7PDBVEO9-bkQ
Dude Perfect	스포츠엔터테인먼트	5130만	/youtube/channel/UCRijo3ddMTht_IHyNSNXpNQ
Marshmello	게임음악	4570만	/youtube/channel/UCEdvpU2pFRCVqU6yIPyTpMQ
Zee TV	엔터테인먼트	4550만	/youtube/channel/UCppHT7SZKKvar4Oc9J4oljQ
Ed Sheeran	음악	4460만	/youtube/channel/UC0C-w0YjGpqDXGB8IHb662A
Badabun	엔터테인먼트뉴스/정치	4300만	/youtube/channel/UCYWOjHweP2V-8kGKmmAmQJQ
EminemMusic	음악	4290만	/youtube/channel/UCfM3zsQsOnfWNUppiycmBuw
Vlad and Niki	엔터테인먼트	4170만	/youtube/channel/UCvlE5gTbOvjiolFlEm-c_Ow
Ariana Grande	음악	4150만	/youtube/channel/UC9CoOnJkIBMdeijd9qYoT_g
HolaSoyGerman.	엔터테인먼트	4090만	/youtube/channel/UCZJ7m7EnCNodqnu5SAtg8eQ
JuegaGerman	엔터테인먼트게임	3980만	/youtube/channel/UCYiGq8XF7YQD00x7wAd62Zg
whinderssonnunes	코미디	3960만	/youtube/channel/UC3KQ5GWANYF8lChqjZpXsQw
Movieclips	영화/애니메이션	3940만	/youtube/channel/UC3gNmTGu-TTbFPpfSs5kNkg
Felipe Neto	엔터테인먼트	3820만	/youtube/channel/UCV306eHqgo0LvBf3Mh36AHg
Taylor Swift	음악	3810만	/youtube/channel/UCqECaJ8Gagnn7YCbPEzWH6g
Aaj Tak	뉴스/정치	3800만	/youtube/channel/UCt4t-jeY85JegMlZ-E5UWtA
elrubiusOMG	엔터테인먼트코미디	3780만	/youtube/channel/UCXazgXDIYyWH-yXLAkcrFxw
TheEllenShow	엔터테인먼트	3740만	/youtube/channel/UCp0hYYBW6IMayGgR-WeoCvQ
Katy Perry	음악엔터테인먼트	3720만	/youtube/channel/UCYvmuw-JtVrTZQ-7Y4kd63Q
Goldmines Telefilms	영화/애니메이션	3680만	/youtube/channel/UCyoXW-Dse7fURq30EWl_CUA
Big Hit Labels	음악	3670만	/youtube/channel/UC3IZKseVpdzPSBaWxBxundA
Shemaroo Filmi Gaane	음악	3660만	/youtube/channel/UCP6uH_XlsxrXwZQ4DlqbqPg
Fernanfloo	게임엔터테인먼트	3630만	/youtube/channel/UCV4xOVpbcV8SdueDCOxLXtQ
MrBeast	엔터테인먼트	3600만	/youtube/channel/UCX6OQ3DkcsbYNE6H8uQQuVA
ChuChu TV Nursery Rhymes & Kids Songs	교육	3600만	/youtube/channel/UCBnZ16ahKA2DZ_T5W0FPUXg
BLACKPINK	음악	3600만	/youtube/channel/UCOmHUn--16B90oW2L6FRR3A
BRIGHT SIDE	엔터테인먼트	3510만	/youtube/channel/UC4rlAVgAK0SGk-yTfe48Qpw
Você Sabia?	엔터테인먼트	3470만	/youtube/channel/UCj0O6W8yDuLg3iraAXKgCrQ
Wave Music	음악	3460만	/youtube/channel/UC22nIfOTM7KLIQuFGMKzQbg
Rihanna	엔터테인먼트	3450만	/youtube/channel/UCcgqSM4YEo5vVQpqwN-MaNw
Alan Walker	음악	3450만	/youtube/channel/UCJrOtniJ0-NWz37R30urifQ
Pinkfong! Kids' Songs & Stories	교육	3420만	/youtube/channel/UCcdwLMPsaU2ezNSJU1nFoBQ
Sony Music India	음악	3410만	/youtube/channel/UC56gTxNs4f9xZ7Pa2i5xNzg
El Reino Infantil	음악	3390만	/youtube/channel/UCK1i2UviaXLUNrZlAFpw_jA
JustinBieberVEVO	음악	3270만	/youtube/channel/UCHkj014U2CQ2Nv0UZeYpE_A
Luisito Comunica	코미디	3170만	/youtube/channel/UCECJDeK0MNapZbpaOzxrUPA
One Direction	음악	3140만	/youtube/channel/UCb2HGwORFBo94DmRx4oLzow
SAB TV	엔터테인먼트	3140만	/youtube/channel/UC6-F5tO8uklgE9Zy8IvbdFw
Get Movies	엔터테인먼트	3130만	/youtube/channel/UClZkHt2kNIgyrTTPnSQV3SA
YRF	영화/애니메이션음악	3100만	/youtube/channel/UCbTLwN10NoCU4WDzLf1JMOA
Maroon 5	음악	3070만	/youtube/channel/UCBVjMGOIkavEAhyqpxJ73Dw
LUCCAS NETO - LUCCAS TOON	엔터테인먼트	3070만	/youtube/channel/UC_gV70G_Y51LTa3qhu8KiEA
Billie Eilish	음악	3040만	/youtube/channel/UCiGm_E4ZwYSHV3bcW1pnSeQ
BANGTANTV	음악	3020만	/youtube/channel/UCLkAepWjdylmXSltofFvsYQ
Speed Records	음악	3020만	/youtube/channel/UCOsyDsO5tIt-VZ1iwjdQmew
VEGETTA777	게임	3010만	/youtube/channel/UCam8T03EOFBsNdR0thrFHdQ
LooLoo Kids - Nursery Rhymes and Children's Songs	음악	2980만	/youtube/channel/UC4NALVCmcmL5ntpV0thoH6w
Little Baby Bum - Nursery Rhymes & Kids Songs	교육	2980만	/youtube/channel/UCKAqou7V9FAWXpZd9xtOg3Q
SonyMusicIndiaVEVO	음악	2970만	/youtube/channel/UC3MLnJtqc_phABBriLRhtgQ
Daddy Yankee	음악	2970만	/youtube/channel/UC9TO_oo4c_LrOiKNaY6aysA
Маша и Медведь	영화/애니메이션	2970만	/youtube/channel/UCRv76wLBC73jiP7LX4C3l8Q
T-Series Bhakti Sagar	음악	2950만	/youtube/channel/UCaayLD9i5x4MmIoVZxXSv_g
WorkpointOfficial	엔터테인먼트뉴스/정치	2930만	/youtube/channel/UC3ZkCd7XtUREnjjt3cyY_gg
GR6 EXPLODE	음악	2930만	/youtube/channel/UCNUQK9mQoqi4yNXw2_Rj6SA
Shakira	인물/블로그	2920만	/youtube/channel/UCYLNGLIzMhRTi6ZOLjAPSmw
Like Nastya Show	엔터테인먼트	2920만	/youtube/channel/UCS94J1s6-qc8v7btCdS2pNg
Trap Nation	음악	2870만	/youtube/channel/UCa10nxShhzNrCE1o2ZOPztg
Tips Official	음악	2870만	/youtube/channel/UCJrDMFOdv1I2k8n9oK_V21w
Ozuna	음악	2810만	/youtube/channel/UCjIA3wwhi0QjSOXAZwOXbPA
Luis Fonsi	엔터테인먼트	2740만	/youtube/channel/UCxoq-PAQeAdk_zyg8YS0JqA
ABS-CBN Entertainment	엔터테인먼트	2740만	/youtube/channel/UCstEtN0pgOmCf02EdXsGChw
Bruno Mars	음악	2730만	/youtube/channel/UCoUM-UJ7rirJYP8CQ0EIaHA
rezendeevil	엔터테인먼트	2720만	/youtube/channel/UCbTVTephX30ZhQF5zwFppBg
Spinnin' Records	음악	2720만	/youtube/channel/UCpDJl2EmP7Oh90Vylx0dZtA
TaylorSwiftVEVO	음악	2670만	/youtube/channel/UCANLZYMidaCbLQFWXBC95Jg
NoCopyrightSounds	음악	2620만	/youtube/channel/UC_aEa8K-EOJ3D6gOs7HcyNg
Markiplier	게임	2590만	/youtube/channel/UC7_YxT-KID8kRbqZo7MyscQ
J Balvin	음악	2580만	/youtube/channel/UCt-k6JwNWHMXDBGm9IYHdsg
RihannaVEVO	음악	2570만	/youtube/channel/UC2xskkQVFEpLcGFnNSLQY0A
EminemVEVO	음악	2560만	/youtube/channel/UC20vb-R_px4CguHzzBPhoyQ
Bad Bunny	음악	2560만	/youtube/channel/UCmBA_wu8xGg1OfOkfW13Q0Q
XXXTENTACION	음악	2560만	/youtube/channel/UCM9r1xn6s30OnlJWb-jc3Sw
Selena Gomez	영화/애니메이션	2560만	/youtube/channel/UCPNxhDvTcytIdvwXWAm43cA
Shawn Mendes	음악	2550만	/youtube/channel/UCAvCL8hyXjSUHKEGuUPr1BA
KatyPerryVEVO	음악	2550만	/youtube/channel/UC-8Q-hLdECwQmaWNwXitYDw
Colors TV	엔터테인먼트	2530만	/youtube/channel/UC55IWqFLDH1Xp7iu1_xknRA
BST Kids - Nursery Rhymes & Songs	교육	2530만	/youtube/channel/UCRx3mKNUdl8QE06nEug7p6Q
ToyPudding TV	엔터테인먼트	2530만	/youtube/channel/UCKqx9r4mrFglauNBJc1L_eg
Ryan's World	엔터테인먼트	2520만	/youtube/channel/UChGJGhZ9SOOHvBB0Y4DOO_w
Smosh	코미디	2510만	/youtube/channel/UCY30JRSgfhYXA6i6xX1erWg
TEDx Talks	봉사활동	2510만	/youtube/channel/UCsT0YIqwnpJCM-mx7-gSA4Q
VanossGaming	게임	2510만	/youtube/channel/UCKqH_9mk1waLgBiL2vT5b9g
The Tonight Show Starring Jimmy Fallon	코미디	2500만	/youtube/channel/UC8-Th83bH_thdKZDJCrn88g
Boram Tube Vlog [보람튜브 브이로그]	엔터테인먼트	2490만	/youtube/channel/UCU2zNeYhf9pi_wSqFbYE96w
GENIAL	노하우/스타일	2450만	/youtube/channel/UCbrd1vu4_7qIE6IPV_dA-OA
Yuya	노하우/스타일	2450만	/youtube/channel/UCBNs31xysxpAGMheg8OrngA
ABP NEWS	뉴스/정치	2430만	/youtube/channel/UCRWFSbif-RFENbBrSiez1DA
jacksepticeye	게임코미디	2410만	/youtube/channel/UCYzPXprvl5Y-Sf0g4vX-m6g
CVS 3D Rhymes & Kids Songs	교육	2390만	/youtube/channel/UCsPF3cApzCohxPp5oKdoWSQ
The Late Late Show with James Corden	엔터테인먼트	2390만	/youtube/channel/UCJ0uqCI0Vqr2Rrt1HseGirg
one31	뉴스/정치엔터테인먼트	2360만	/youtube/channel/UC8f7MkX4MFOOJ2SerXLInCA
Ninja	게임	2360만	/youtube/channel/UCAW-NpUFkMyCNrvRSSGIvDQ
WORLDSTARHIPHOP	음악	2360만	/youtube/channel/UC-yXuc1__OzjwpsJPlxYUCQ
Maluma	음악	2350만	/youtube/channel/UClZuKq2m0Qu-HkopkSBLpEw
Kimberly Loaiza	인물/블로그	2350만	/youtube/channel/UCQZfFRohQ7UX-0CdXl-6pwQ
Infobells - Hindi	교육	2340만	/youtube/channel/UC1ciY6kR3yj3kaKZ6R7ewAg
Eros Now	엔터테인먼트	2340만	/youtube/channel/UCX52tYZiEh_mHoFja3Veciw
Atta Halilintar	엔터테인먼트	2330만	/youtube/channel/UCaKLg1ELiX0zTJ6Je3c5esA
shane	코미디	2330만	/youtube/channel/UCV9_KinVpV-snHe3C3n1hvA
Shemaroo	엔터테인먼트	2330만	/youtube/channel/UCF1JIbMUs6uqoZEY1Haw0GQ
Ch3Thailand	엔터테인먼트	2320만	/youtube/channel/UC48h7Dst_hX82HxOf3xJw_w
AuronPlay	코미디	2320만	/youtube/channel/UCyQqzYXQBUWgBTn4pw_fFSQ
Ultra Music	음악	2310만	/youtube/channel/UC4rasfm9J-X4jNl9SvXp8xA
DanTDM	게임엔터테인먼트	2310만	/youtube/channel/UCS5Oz6CHmeoF7vSad0qqXfw
enchufetv	코미디	2300만	/youtube/channel/UCoGDh1Xa3kUCpok24JN5DKA
Super Simple Songs - Kids Songs	교육	2290만	/youtube/channel/UCLsooMJoIpl_7ux2jvdPB-Q
LosPolinesios	인물/블로그	2290만	/youtube/channel/UCs8qka8tfhdc69wzXYdtZ3A
Ultra Bollywood	엔터테인먼트영화/애니메이션	2280만	/youtube/channel/UCmL1WlDI8UkXDXCXcBQN9CA
T-Series Apna Punjab	음악	2270만	/youtube/channel/UCcvNYxWXR_5TjVK7cSCdW-g
OneDirectionVEVO	음악	2260만	/youtube/channel/UCbW18JZRgko_mOGm5er8Yzg
SMTOWN	음악	2260만	/youtube/channel/UCEf_Bc-KVd7onSeifS3py9g
TC	엔터테인먼트	2260만	/youtube/channel/UCgFXm4TI8htWmCyJ6cVPG_A
Venus	음악	2250만	/youtube/channel/UCWi_65E_L8tQZ34C6wVAlpQ
WatchMojo.com	엔터테인먼트	2250만	/youtube/channel/UCaWd5_7JhbQBe4dknZhsHJg
Galinha Pintadinha	영화/애니메이션	2240만	/youtube/channel/UCBAb_DK4GYZqZR9MFA7y2Xg
ImagineDragons	음악	2210만	/youtube/channel/UCT9zcQNlyht7fRlcjmflRSA
Gaane Sune Ansune	음악	2200만	/youtube/channel/UCtW7qWjpCZ8zps-Cf2NF26w
David Guetta	음악	2170만	/youtube/channel/UC1l7wYrva1qCH-wgqcHaaRg
Logan Paul	엔터테인먼트	2170만	/youtube/channel/UCG8rbF3g2AMX70yOd8vqIZg
Wiz Khalifa	음악	2160만	/youtube/channel/UCVp3nfGRxmMadNDuVbJSk8A
Adele	음악	2150만	/youtube/channel/UCsRM0YB_dabtEPGPTKo-gcw
La Granja de Zenón	음악	2150만	/youtube/channel/UCwpcLKMwiuPg4aqImpGk6Ew
KSI	음악	2150만	/youtube/channel/UCVtFOytbRpEvzLjvqGG5gxQ
Collins Key	엔터테인먼트	2140만	/youtube/channel/UC7TTtOQKMXTWWMtWQMIgVSA
shfa	인물/블로그	2140만	/youtube/channel/UCwHE1kM1CPJd_pI9FQ0-4dg
nigahiga	엔터테인먼트	2140만	/youtube/channel/UCSAUGyc_xA8uYzaIVG6MESQ
Drake	음악	2130만	/youtube/channel/UCByOQJjav0CUDwxCk-jVNRQ
Lucas and Marcus	엔터테인먼트	2110만	/youtube/channel/UCwD4x63A9KC7Si2RuSfg-SA
Geet MP3	음악	2100만	/youtube/channel/UClZF7OsrECe3t_ADrjZEh_Q
Mr Bean	코미디	2100만	/youtube/channel/UCkAGrHCLFmlK3H2kd6isipg
Ricis Official	엔터테인먼트	2090만	/youtube/channel/UC4tS4Q_Cno5JVcIUXxQOOpA
Nicki Minaj	음악	2080만	/youtube/channel/UC3jOd7GUMhpgJRBhiLzuLsg
Rajshri	음악	2080만	/youtube/channel/UCEKWXRsfUHkan-D_ljU8Asw
1MILLION Dance Studio	엔터테인먼트	2080만	/youtube/channel/UCw8ZhLPdQ0u_Y-TLKd61hGA
Beyoncé	음악	2060만	/youtube/channel/UCuHzBCaKmtaLcRAOoazhCPA
NickyJamTV	음악	2060만	/youtube/channel/UCpb_iJuhFe8V6rQdbNqfAlQ
The Chainsmokers	음악	2050만	/youtube/channel/UCq3Ci-h945sbEYXpVlw7rJg
Amit Bhadana	엔터테인먼트	2040만	/youtube/channel/UC_vcKmg67vjMP7ciLnSxSHQ
JennaMarbles	코미디	2020만	/youtube/channel/UC9gFih9rw0zNCK3ZtoKQQyA
IndiaTV	뉴스/정치	2020만	/youtube/channel/UCttspZesZIDEwwpVIgoZtWQ
FBE	엔터테인먼트	2010만	/youtube/channel/UC0v-tlzsn0QZwJnkiaUSJVQ
Jake Paul	인물/블로그	2010만	/youtube/channel/UCcgVECVN4OKV6DH1jLkqmcA
CarryMinati	코미디	2010만	/youtube/channel/UCj22tfcQrWG7EMEKS0qLeEg
Like Nastya ESP	엔터테인먼트	2010만	/youtube/channel/UCpEJRZdSpdVZ8vh63T9I2KQ
SSSniperWolf	엔터테인먼트	2010만	/youtube/channel/UCpB959t8iPrxQWj7G6n0ctQ
BuzzFeedVideo	인물/블로그	2010만	/youtube/channel/UCpko_-a4wgz2u_DgDgd9fqA
CanalCanalha	코미디	1980만	/youtube/channel/UCPHXtOVmjvbP9OJihsd7gCg
1theK (원더케이)	엔터테인먼트	1980만	/youtube/channel/UCweOkPb1wVVH0Q0Tlj4a5Pw
Las Ratitas	엔터테인먼트	1960만	/youtube/channel/UCUY6t_N9MyEWu6I0ZXkbtKA
Maria Clara & JP	엔터테인먼트	1960만	/youtube/channel/UCKe6w0exI94U-RzqAyoY1VA
Valentina Pontes	엔터테인먼트	1950만	/youtube/channel/UC0ebPa2q1rwZVN7dYemunUQ
DrossRotzank	엔터테인먼트	1950만	/youtube/channel/UCNYW2vfGrUE6R5mIJYzkRyQ
DisneyMusicVEVO	음악	1950만	/youtube/channel/UCgwv23FVv3lqh567yagXfNg
Vevo	음악	1940만	/youtube/channel/UC2pmfLm7iq6Ov1UwYrWYkZA
Skrillex	음악	1930만	/youtube/channel/UC_TVqp_SyG6j5hG-xVRy95A
James Charles	엔터테인먼트	1930만	/youtube/channel/UCucot-Zp428OwkyRm2I7v2Q
Enrique Iglesias	음악	1920만	/youtube/channel/UC-6czyMkxDi8E8akPl0c7_w
A4	엔터테인먼트	1920만	/youtube/channel/UC2tsySbe9TNrI-xh2lximHA
قناة طيور الجنة | toyoraljanahtv	음악	1920만	/youtube/channel/UCozAuGJZ5MPoijz8IE_1Gtw
shfa2 - شفا	인물/블로그	1920만	/youtube/channel/UCQ7x25F6YXY9DvGeHFxLhRQ
Chris Brown	음악	1910만	/youtube/channel/UCcYrdFJF7hmPXRNaWdrko4w
The Weeknd	음악	1900만	/youtube/channel/UC0WP5P-ufpRfjbNrmOWwLBQ
AuthenticGames	게임	1890만	/youtube/channel/UCIPA6iWNaoetaa1T46RkzXw
shakiraVEVO	음악	1890만	/youtube/channel/UCGnjeahCJW1AF34HBmQTJ-Q
Marília Mendonça	음악	1890만	/youtube/channel/UCwfEOn0O1DWcyTgzVVu28ig
Tasty	노하우/스타일	1880만	/youtube/channel/UCJFp8uSYCjXOMnkUyb3CQ3Q
Troom Troom	노하우/스타일	1870만	/youtube/channel/UCWwqHwqLSrdWMgp5DZG5Dzg
5-Minute Crafts GIRLY	노하우/스타일	1860만	/youtube/channel/UC2etEuPIfohP4P53wM0KImA
ashish chanchlani vines	코미디	1850만	/youtube/channel/UC7eHZXheF8nVOfwB2PEslMw
Post Malone	음악	1850만	/youtube/channel/UCeLHszkByNZtPKcaVXOCOQQ
The ACE Family	인물/블로그	1850만	/youtube/channel/UCWwWOFsW68TqXE-HZLC3WIA
GMM GRAMMY OFFICIAL	음악	1840만	/youtube/channel/UCG9gfnA5UDoLvz-tC9B-HKw
HaerteTest	과학기술	1830만	/youtube/channel/UCqsS8fU6yVxrJr5y_CoUn3w
ArianaGrandeVevo	음악	1830만	/youtube/channel/UC0VOyT2OCBKdQhF3BAbZ-1g
Mister Max	엔터테인먼트	1830만	/youtube/channel/UC_8PAD0Qmi6_gpe77S1Atgg
DJ Snake	음악	1830만	/youtube/channel/UC_x8HoD18XJkILQBreVENUQ
jeffreestar	엔터테인먼트노하우/스타일	1820만	/youtube/channel/UCkvK_5omS-42Ovgah8KRKtg
Miss Katy	엔터테인먼트	1810만	/youtube/channel/UCcartHVtvAUzfajflyeT_Gg
Renato Garcia	엔터테인먼트	1810만	/youtube/channel/UChMJkHCD2wdvSO7CMOuLR-w
Jelly	게임	1800만	/youtube/channel/UC0DZmkupLYwc0yDsfocLh0A
Jkk Entertainment	코미디	1800만	/youtube/channel/UC5tuYcCdiKuF5Y2ZonuarwA
KHANDESHI MOVIES	코미디	1800만	/youtube/channel/UCP84QWij0alw4MvzqzyfOnw
PTXofficial	음악	1800만	/youtube/channel/UCmv1CLT6ZcFdTJMHxaR9XeA
BB Ki Vines	엔터테인먼트	1790만	/youtube/channel/UCqwUrj10mAEsqezcItqvwEw
Liza Koshy	코미디엔터테인먼트	1780만	/youtube/channel/UCxSz6JVYmzVhtkraHWZC7HQ
LuisFonsiVEVO	음악	1780만	/youtube/channel/UCLp8RBhQHu9wSsq62j_Md6A
toycantando	음악	1760만	/youtube/channel/UC2xjgvWb9cx5F637XjsUNxw
David Dobrik	인물/블로그	1760만	/youtube/channel/UCmh5gdwCx6lN7gEC20leNVA
Talking Tom	게임영화/애니메이션	1760만	/youtube/channel/UCm3hAp1m1xlAz0ve_EKAo4g
Avicii	음악	1750만	/youtube/channel/UCPHjpfnnGklkRBBTd0k6aHg
DLS News	뉴스/정치	1750만	/youtube/channel/UCw0ry7cLRUnq3Oaszlhgqfg
GMA Network	엔터테인먼트	1730만	/youtube/channel/UCKL5hAuzgFQsyrsQKgU0Qng
TED	봉사활동	1730만	/youtube/channel/UCAuUUnT6oDeKwE6v1NGQxug
5-Minute Crafts PLAY	노하우/스타일	1720만	/youtube/channel/UC57XAjJ04TY8gNxOWf-Sy0Q
TheWillyrex	게임	1720만	/youtube/channel/UC4LHNX8d8RqnDX0OezgmCTg
Michael Jackson	인물/블로그음악	1720만	/youtube/channel/UC5OrDvL9DscpcAstz7JnQGA
Lil pump	음악	1720만	/youtube/channel/UC6pjHMC4QXMi4llCCjtDXWg
netd müzik	음악	1720만	/youtube/channel/UCR5wZcXtOUka8jTA57flzMg
Sia	음악	1720만	/youtube/channel/UCN9HPn2fq-NL8M5_kp4RWZQ
Calvin Harris	음악	1720만	/youtube/channel/UCIjYyZxkFucP_W-tmXg_9Ow
Anuel AA	음악	1710만	/youtube/channel/UCRI7hheejBbWS6etTNwMT0g
Technical Guruji	과학기술	1710만	/youtube/channel/UCOhHO2ICt0ti9KAh-QHvttQ
Lady Gaga	음악	1700만	/youtube/channel/UCNL1ZadSjHpjm4q9j2sVtOA
PopularMMOs	게임	1700만	/youtube/channel/UCpGdL9Sn3Q5YWUH2DVUW1Ug
Desi Music Factory	음악	1690만	/youtube/channel/UCLtNvbkqea8wN_kGtfgx_Mw
TheDonato	게임	1690만	/youtube/channel/UCaHEdZtk6k7SVP-umnzifmQ
mmoshaya	엔터테인먼트	1690만	/youtube/channel/UCPOw2O3_uZ1doro9iR4x6vw
ABP NEWS HINDI	뉴스/정치	1690만	/youtube/channel/UCmphdqZNmqL72WJ2uyiNw5w
Ali-A	게임	1690만	/youtube/channel/UCYVinkwSX7szARULgYpvhLw
Coldplay	음악	1680만	/youtube/channel/UCDPM_n1atn2ijUwHd0NNRQw
Peppa Pig - Official Channel	교육	1680만	/youtube/channel/UCAOtE1V7Ots4DjM8JLlrYgg
Jimmy Kimmel Live	코미디	1680만	/youtube/channel/UCa6vGFO9ty8v5KZJXQxdhaw
Brave Wilderness	동물	1670만	/youtube/channel/UC6E2mP01ZLH_kbAyeazCNdg
Werevertumorro	엔터테인먼트게임	1670만	/youtube/channel/UCzVIrPfZBE-XkBISBybMBLA
Unbox Therapy	과학기술	1670만	/youtube/channel/UCsTcErHg8oDvUnTzoqsYeNw
Wow Kidz	엔터테인먼트	1670만	/youtube/channel/UCN8S4CqMRy6tVKVXvs7Bzeg
BabyBus - Nursery Rhymes	교육	1670만	/youtube/channel/UCpYye8D5fFMUPf9nSfgd4bA
Charlie Puth	음악	1670만	/youtube/channel/UCwppdrjsBPAZg5_cUwQjfMQ
Totoykids	영화/애니메이션	1670만	/youtube/channel/UCy7whoHQXzhYxp9AQmrPFVw
SlivkiShow	엔터테인먼트	1660만	/youtube/channel/UCU_yU4xGT9hrVFo6euH8LLw
Bollywood Classics	음악	1660만	/youtube/channel/UCRm96I5kmb_iGFofE5N691w
KAROL G	음악	1660만	/youtube/channel/UCZuPJZ2kGFdlbQu1qotZaHw
EeOneGuy	엔터테인먼트	1650만	/youtube/channel/UCrFiA0hztL9e8zTi_qBuW4w
Porta dos Fundos	엔터테인먼트	1650만	/youtube/channel/UCEWHPFNilsT0IfQfutVzsag
Doggy Doggy Cartoons	엔터테인먼트	1650만	/youtube/channel/UC_W0_Nv-3rxpWVvosddhrPw
Good Mythical Morning	엔터테인먼트	1640만	/youtube/channel/UC4PooiX37Pld1T8J5SYT-SQ
Lele Pons	엔터테인먼트코미디	1640만	/youtube/channel/UCi9cDo6239RAzPpBZO9y5SA
Cia. Daniel Saboya	음악	1620만	/youtube/channel/UCEUf_uUDUfJJ3XfgwOxm-0A
JukiLop	인물/블로그	1620만	/youtube/channel/UCHDeuavvkVwDyJgRFVfbpXA
Demi Lovato	음악	1620만	/youtube/channel/UCZkURf9tDolFOeuw_4RD7XQ
Becky G	음악	1610만	/youtube/channel/UCgtNC51EUSgcZ6kKyVoPxKA
jypentertainment	음악	1610만	/youtube/channel/UCaO6TYtlC8U5ttz62hTrZgg
GEN HALILINTAR	엔터테인먼트	1610만	/youtube/channel/UCfRNJiafEm1LBBGFTTq4cXw
Caeli	엔터테인먼트	1610만	/youtube/channel/UCGRtuAmEObNSmlOLDWzZfVg
Linkin Park	음악	1610만	/youtube/channel/UCZU9T1ceaOgwfLRq7OKFU4Q
Toys And Little Gaby	엔터테인먼트	1590만	/youtube/channel/UCHwBjRoGO1V-H8QYXjSVHkQ
Sesame Street	엔터테인먼트	1590만	/youtube/channel/UCoookXUzPciGrEZEXmh4Jjg
America's Got Talent	엔터테인먼트	1590만	/youtube/channel/UCT2X19JJaJGUN7mrYuImANQ
Like Nastya Vlog	인물/블로그	1580만	/youtube/channel/UCCI5Xsd_gCbZb9eTeOf9FdQ
Venus Movies	엔터테인먼트	1580만	/youtube/channel/UCpcsv3Ow-8IhoUGDEfPetsQ
